{
  "balanced": {
    "res": "1080x2400",
    "render": "standard",
    "fps": 60,
    "cmds": [
      "settings put global window_animation_scale 0.5",
      "settings put global transition_animation_scale 0.5"
    ]
  },
  "performance": {
    "res": "1080x2400",
    "render": "high",
    "fps": 90,
    "cmds": [
      "settings put global window_animation_scale 0",
      "settings put global transition_animation_scale 0",
      "setprop debug.hwui.renderer skiagl",
      "settings put global animator_duration_scale 0"
    ]
  },
  "battery": {
    "res": "720x1600",
    "render": "conservative",
    "fps": 30,
    "cmds": [
      "settings put global animator_duration_scale 0.5"
    ]
  },
  "competitive": {
    "res": "1080x2400",
    "render": "high",
    "fps": 120,
    "cmds": [
      "setprop sys.game.performance 1",
      "settings put system accelerometer_rotation 0"
    ]
  },
  "alto_desempenho_default": {
    "res": "1080x2400",
    "render": "high",
    "fps": 90,
    "cmds": [
      "settings put global window_animation_scale 0",
      "settings put global transition_animation_scale 0",
      "setprop debug.hwui.renderer skiagl",
      "setprop sys.game.performance 1"
    ]
  }
}